[
  {
    "id": 1,
    "title": "One Four",
    "category": "PRINT",
    "image": "portfolio/grid/1.jpg",
    "groups": ["all", "print", "branding"],
    "links": [
      {
        "id": 1,
        "icon": "search-1",
        "link": "!#"
      },
      {
        "id": 2,
        "icon": "link-alt",
        "link": "!#"
      }
    ]
  },
  {
    "id": 2,
    "title": "And Logo",
    "category": "BRANDING",
    "image": "portfolio/grid/2.jpg",
    "groups": ["all", "branding", "web"],
    "links": [
      {
        "id": 1,
        "icon": "search-1",
        "link": "!#"
      },
      {
        "id": 2,
        "icon": "link-alt",
        "link": "!#"
      }
    ]
  },
  {
    "id": 3,
    "title": "Business Card",
    "category": "BRANDING",
    "image": "portfolio/grid/3.jpg",
    "groups": ["all", "branding"],
    "links": [
      {
        "id": 1,
        "icon": "search-1",
        "link": "!#"
      },
      {
        "id": 2,
        "icon": "link-alt",
        "link": "!#"
      }
    ]
  },
  {
    "id": 4,
    "title": "Wiley Club",
    "category": "WEB DESIGN",
    "image": "portfolio/grid/4.jpg",
    "groups": ["all", "print", "design"],
    "links": [
      {
        "id": 1,
        "icon": "search-1",
        "link": "!#"
      },
      {
        "id": 2,
        "icon": "link-alt",
        "link": "!#"
      }
    ]
  },
  {
    "id": 5,
    "title": "Scarab Ring",
    "category": "PRINT DESIGN",
    "image": "portfolio/grid/5.jpg",
    "groups": ["all", "design"],
    "links": [
      {
        "id": 1,
        "icon": "search-1",
        "link": "!#"
      },
      {
        "id": 2,
        "icon": "link-alt",
        "link": "!#"
      }
    ]
  },
  {
    "id": 6,
    "title": "First Floor",
    "category": "WEB DESIGN",
    "image": "portfolio/grid/6.jpg",
    "groups": ["all", "design", "web"],
    "links": [
      {
        "id": 1,
        "icon": "search-1",
        "link": "!#"
      },
      {
        "id": 2,
        "icon": "link-alt",
        "link": "!#"
      }
    ]
  },
  {
    "id": 7,
    "title": "Flyer Design",
    "category": "BRANDING",
    "image": "portfolio/grid/7.jpg",
    "groups": ["all", "design", "branding"],
    "links": [
      {
        "id": 1,
        "icon": "search-1",
        "link": "!#"
      },
      {
        "id": 2,
        "icon": "link-alt",
        "link": "!#"
      }
    ]
  },
  {
    "id": 8,
    "title": "Card Mocks",
    "category": "PRINT DESIGN",
    "image": "portfolio/grid/8.jpg",
    "groups": ["all", "design", "print"],
    "links": [
      {
        "id": 1,
        "icon": "search-1",
        "link": "!#"
      },
      {
        "id": 2,
        "icon": "link-alt",
        "link": "!#"
      }
    ]
  }
]
