[
  {
    "id": 1,
    "image": "post/post-01.jpg",
    "title": "The best hidden gems of Washington State",
    "published": "April 28, 2017",
    "excerpt": "Curabitur quis faucibus odio, nec accumsan erat. Duis id ante convallis magna mattis pulvinar eu ut ipsum. Donec at leo id tortor mattis tempus...",
    "text": "Lorem ipsum dolor sit amet, consectetur adipiscing elit. Phasellus tempor lacus et tellus consectetur, vel pretium ante elementum. Aliquam elementum dignissim tellus a venenatis. Vestibulum vel sem pulvinar, scelerisque orci non, interdum magna. Sed vestibulum elit sed placerat semper. Quisque consectetur sollicitudin purus et tempus. Sed sit amet dapibus magna. Curabitur non odio magna. Fusce viverra elit eget orci ultricies dapibus.",
    "block": "Donec dui ipsum, pulvinar sit amet mattis quis, dapibus eu libero. Curabitur lobortis, diam non semper placerat, ipsum felis pulvinar magna, quis dapibus enim velit vel lorem.",
    "tags": ["Design", "Branding", "Stationery", "Development", "Concept"],
    "type": "image"
  },
  {
    "id": 2,
    "image": "post/post-02.jpg",
    "slides": ["post/post-02.jpg", "post/post-08.jpg", "post/post-09.jpg"],
    "title": "Top 10 Fastest Cars in the World - Slides",
    "published": "May 9, 2015",
    "excerpt": "Curabitur quis faucibus odio, nec accumsan erat. Duis id ante convallis magna mattis pulvinar eu ut ipsum. Donec at leo id tortor mattis tempus...",
    "text": "Lorem ipsum dolor sit amet, consectetur adipiscing elit. Phasellus tempor lacus et tellus consectetur, vel pretium ante elementum. Aliquam elementum dignissim tellus a venenatis. Vestibulum vel sem pulvinar, scelerisque orci non, interdum magna. Sed vestibulum elit sed placerat semper. Quisque consectetur sollicitudin purus et tempus. Sed sit amet dapibus magna. Curabitur non odio magna. Fusce viverra elit eget orci ultricies dapibus.",
    "block": "Donec dui ipsum, pulvinar sit amet mattis quis, dapibus eu libero. Curabitur lobortis, diam non semper placerat, ipsum felis pulvinar magna, quis dapibus enim velit vel lorem.",
    "tags": ["Design", "Branding", "Stationery", "Development", "Concept"],
    "type": "slider"
  },
  {
    "id": 3,
    "image": "post/post-03.jpg",
    "title": "Key for creating Viral YouTube Videos",
    "link": "https://www.youtube.com/watch?v=sU3FkzUKHXU",
    "published": "November 18, 2016",
    "excerpt": "Curabitur quis faucibus odio, nec accumsan erat. Duis id ante convallis magna mattis pulvinar eu ut ipsum. Donec at leo id tortor mattis tempus...",
    "text": "Lorem ipsum dolor sit amet, consectetur adipiscing elit. Phasellus tempor lacus et tellus consectetur, vel pretium ante elementum. Aliquam elementum dignissim tellus a venenatis. Vestibulum vel sem pulvinar, scelerisque orci non, interdum magna. Sed vestibulum elit sed placerat semper. Quisque consectetur sollicitudin purus et tempus. Sed sit amet dapibus magna. Curabitur non odio magna. Fusce viverra elit eget orci ultricies dapibus.",
    "block": "Donec dui ipsum, pulvinar sit amet mattis quis, dapibus eu libero. Curabitur lobortis, diam non semper placerat, ipsum felis pulvinar magna, quis dapibus enim velit vel lorem.",
    "tags": ["Design", "Branding", "Stationery", "Development", "Concept"],
    "type": "video"
  },
  {
    "id": 4,
    "image": "post/post-04.jpg",
    "title": "Want to get an expert to write on your blog",
    "published": "February 7, 2017",
    "excerpt": "Curabitur quis faucibus odio, nec accumsan erat. Duis id ante convallis magna mattis pulvinar eu ut ipsum. Donec at leo id tortor mattis tempus...",
    "text": "Lorem ipsum dolor sit amet, consectetur adipiscing elit. Phasellus tempor lacus et tellus consectetur, vel pretium ante elementum. Aliquam elementum dignissim tellus a venenatis. Vestibulum vel sem pulvinar, scelerisque orci non, interdum magna. Sed vestibulum elit sed placerat semper. Quisque consectetur sollicitudin purus et tempus. Sed sit amet dapibus magna. Curabitur non odio magna. Fusce viverra elit eget orci ultricies dapibus.",
    "block": "Donec dui ipsum, pulvinar sit amet mattis quis, dapibus eu libero. Curabitur lobortis, diam non semper placerat, ipsum felis pulvinar magna, quis dapibus enim velit vel lorem.",
    "tags": ["Design", "Branding", "Stationery", "Development", "Concept"],
    "type": "image"
  },
  {
    "id": 5,
    "image": "post/post-05.jpg",
    "title": "Great things are not accomplished who yield",
    "published": "June 20, 2016",
    "excerpt": "Curabitur quis faucibus odio, nec accumsan erat. Duis id ante convallis magna mattis pulvinar eu ut ipsum. Donec at leo id tortor mattis tempus...",
    "text": "Lorem ipsum dolor sit amet, consectetur adipiscing elit. Phasellus tempor lacus et tellus consectetur, vel pretium ante elementum. Aliquam elementum dignissim tellus a venenatis. Vestibulum vel sem pulvinar, scelerisque orci non, interdum magna. Sed vestibulum elit sed placerat semper. Quisque consectetur sollicitudin purus et tempus. Sed sit amet dapibus magna. Curabitur non odio magna. Fusce viverra elit eget orci ultricies dapibus.",
    "block": "Donec dui ipsum, pulvinar sit amet mattis quis, dapibus eu libero. Curabitur lobortis, diam non semper placerat, ipsum felis pulvinar magna, quis dapibus enim velit vel lorem.",
    "tags": ["Design", "Branding", "Stationery", "Development", "Concept"],
    "type": "image"
  },
  {
    "id": 6,
    "image": "post/post-06.jpg",
    "title": "You are free to choose what you want to make",
    "published": "July 30, 2014",
    "excerpt": "Curabitur quis faucibus odio, nec accumsan erat. Duis id ante convallis magna mattis pulvinar eu ut ipsum. Donec at leo id tortor mattis tempus...",
    "text": "Lorem ipsum dolor sit amet, consectetur adipiscing elit. Phasellus tempor lacus et tellus consectetur, vel pretium ante elementum. Aliquam elementum dignissim tellus a venenatis. Vestibulum vel sem pulvinar, scelerisque orci non, interdum magna. Sed vestibulum elit sed placerat semper. Quisque consectetur sollicitudin purus et tempus. Sed sit amet dapibus magna. Curabitur non odio magna. Fusce viverra elit eget orci ultricies dapibus.",
    "block": "Donec dui ipsum, pulvinar sit amet mattis quis, dapibus eu libero. Curabitur lobortis, diam non semper placerat, ipsum felis pulvinar magna, quis dapibus enim velit vel lorem.",
    "tags": ["Design", "Branding", "Stationery", "Development", "Concept"],
    "type": "image"
  },
  {
    "id": 7,
    "image": "post/post-07.jpg",
    "title": "UX/UI Design & Website/App Design",
    "published": "September 25, 2016",
    "excerpt": "Curabitur quis faucibus odio, nec accumsan erat. Duis id ante convallis magna mattis pulvinar eu ut ipsum. Donec at leo id tortor mattis tempus...",
    "text": "Lorem ipsum dolor sit amet, consectetur adipiscing elit. Phasellus tempor lacus et tellus consectetur, vel pretium ante elementum. Aliquam elementum dignissim tellus a venenatis. Vestibulum vel sem pulvinar, scelerisque orci non, interdum magna. Sed vestibulum elit sed placerat semper. Quisque consectetur sollicitudin purus et tempus. Sed sit amet dapibus magna. Curabitur non odio magna. Fusce viverra elit eget orci ultricies dapibus.",
    "block": "Donec dui ipsum, pulvinar sit amet mattis quis, dapibus eu libero. Curabitur lobortis, diam non semper placerat, ipsum felis pulvinar magna, quis dapibus enim velit vel lorem.",
    "tags": ["Design", "Branding", "Stationery", "Development", "Concept"],
    "type": "image"
  },
  {
    "id": 8,
    "image": "post/post-08.jpg",
    "title": "Marketing Campaigns & Content Creation",
    "published": "October 16, 2010",
    "excerpt": "Curabitur quis faucibus odio, nec accumsan erat. Duis id ante convallis magna mattis pulvinar eu ut ipsum. Donec at leo id tortor mattis tempus...",
    "text": "Lorem ipsum dolor sit amet, consectetur adipiscing elit. Phasellus tempor lacus et tellus consectetur, vel pretium ante elementum. Aliquam elementum dignissim tellus a venenatis. Vestibulum vel sem pulvinar, scelerisque orci non, interdum magna. Sed vestibulum elit sed placerat semper. Quisque consectetur sollicitudin purus et tempus. Sed sit amet dapibus magna. Curabitur non odio magna. Fusce viverra elit eget orci ultricies dapibus.",
    "block": "Donec dui ipsum, pulvinar sit amet mattis quis, dapibus eu libero. Curabitur lobortis, diam non semper placerat, ipsum felis pulvinar magna, quis dapibus enim velit vel lorem.",
    "tags": ["Design", "Branding", "Stationery", "Development", "Concept"],
    "type": "image"
  }
]
