[
  {
    "id": 1,
    "title": "Home",
    "to": "home"
  },

  {
    "id": 2,
    "title": "About",
    "to": "about"
  },

  {
    "id": 3,
    "title": "Portfolio",
    "to": "portfolio"
  },

  {
    "id": 4,
    "title": "Services",
    "to": "services"
  },

  {
    "id": 5,
    "title": "Testimonials",
    "to": "testimonials"
  },

  {
    "id": 6,
    "title": "Blogs",
    "to": "blogs"
  },

  {
    "id": 7,
    "title": "Team",
    "to": "team"
  }
]
